-- phpMyAdmin SQL Dump
-- version 4.9.0.1
-- https://www.phpmyadmin.net/
--
-- Хост: 127.0.0.1:3306
-- Час створення: Чрв 21 2020 р., 17:31
-- Версія сервера: 10.3.13-MariaDB-log
-- Версія PHP: 7.1.32

SET SQL_MODE = "NO_AUTO_VALUE_ON_ZERO";
SET AUTOCOMMIT = 0;
START TRANSACTION;
SET time_zone = "+00:00";


/*!40101 SET @OLD_CHARACTER_SET_CLIENT=@@CHARACTER_SET_CLIENT */;
/*!40101 SET @OLD_CHARACTER_SET_RESULTS=@@CHARACTER_SET_RESULTS */;
/*!40101 SET @OLD_COLLATION_CONNECTION=@@COLLATION_CONNECTION */;
/*!40101 SET NAMES utf8mb4 */;

--
-- База даних: `regions`
--

-- --------------------------------------------------------

--
-- Структура таблиці `main_should_visit`
--

CREATE TABLE `main_should_visit` (
  `id` int(11) NOT NULL,
  `id_region` int(11) NOT NULL,
  `place` varchar(200) COLLATE utf8mb4_unicode_ci NOT NULL,
  `city` varchar(200) COLLATE utf8mb4_unicode_ci NOT NULL,
  `img` varchar(1000) COLLATE utf8mb4_unicode_ci NOT NULL,
  `main_paragraph1` text COLLATE utf8mb4_unicode_ci NOT NULL,
  `main_paragraph2` text COLLATE utf8mb4_unicode_ci NOT NULL
) ENGINE=InnoDB DEFAULT CHARSET=utf8mb4 COLLATE=utf8mb4_unicode_ci;

--
-- Дамп даних таблиці `main_should_visit`
--

INSERT INTO `main_should_visit` (`id`, `id_region`, `place`, `city`, `img`, `main_paragraph1`, `main_paragraph2`) VALUES
(1, 1, 'Храми', 'Одещини', 'church_odessa', 'Інфа про кількість і т.д.', 'Загальна інформація'),
(2, 1, 'Музеї', 'Одещини', 'museum_odessa', 'Інфа про кількість і т.д.', 'Загальна інформація'),
(4, 3, 'Храми', 'Києва', 'church_kyiv', 'Станом на 1 січня 2013 року в Києві нараховувалося 248 культових будівель (зведених або у процесі будівництва), 49 з яких мали статус пам\'яток архітектури.', 'Храми Києва — перелік храмів та релігійних установ міста Києва. Станом на 1 січня 2013 року в Києві діяло 1 113 зареєстрованих та 71 незареєстрована релігійна організація[1]. Найбільшою групою з них є православні конфесії: Православна церква України, Українська православна церква (Московський патріархат), Російська істинно-православна церква, Руська православна старообрядницька церква (Білокриницька згода) та інші православні релігійні організації. Католицтво представлено в Києві Українською греко-католицькою церквою та Римо-католицькою церквою. Другою за обсягом організацій релігійною течією в Києві є протестантизм. Найбільш розповсюдженими напрямками є баптизм (Всеукраїнський союз церков євангельських християн-баптистів, релігійні організації колишньої Ради церков євангельських християн-баптистів), п\'ятдесятництво (Українська Церква Християн Віри Євангельської, Союз вільних церков християн євангельської віри, Український центр об\'єднаної церкви християн віри євангельської, Центр Божої церкви християн віри євангельської в Україні (в пророцтвах), євангельські християни), адвентизм (Українська уніонна конференція церкви адвентистів сьомого дня, Церква адвентистів сьомого дня реформаційного руху в Україні), лютеранство (Німецька євангелічно-лютеранська церква України, Українська Лютеранська Церква, інші лютеранські церкви), харизматичний рух (Церква Повного Євангелія, Українська християнська євангельська церква), пресвітеріанство, мормонізм (Церква Ісуса Христа Святих останніх днів), Свідки Єгови та інші протестантські й неопротестанські рухи.'),
(5, 2, 'Храми', 'Київщини', 'church_kyivska', 'Інфа про кількість і т.д.', 'Загальна інформація'),
(6, 4, 'Храми', 'Херсонщини', 'church_kherson', 'Інфа про кількість і т.д.', 'Загальна інформація'),
(7, 5, 'Храми', 'Миколаївщини', 'church_mykolaiv', 'Інфа про кількість і т.д.', 'Загальна інформація'),
(8, 6, 'Храми', 'Запоріжжя', 'church_zaporozhye', 'Інфа про кількість і т.д.', 'Загальна інформація'),
(9, 7, 'Храми', 'Дніпропетровщини', 'church_dnipropetrovsk', 'Інфа про кількість і т.д.', 'Загальна інформація'),
(10, 8, 'Храми', 'Харківщини', 'church_kharkiv', 'Інфа про кількість і т.д.', 'Загальна інформація'),
(11, 1, 'Курорти', 'Одещини', 'resorts_odessa', 'Курорти Одеської області викликають чи не найбільший інтерес серед українців і гостей з-за кордону, коли мова йде про морський відпочинок в Україні. Велика кількість пам\'яток і піщаних пляжів зіграли свою роль.', 'Місць, де відпочити в Одеській області, вистачає. Практично кожне приморське село може забезпечити вас житлом і доступом до обіймів Нептуна. Але є на Одещині місця, про які чув практично кожен українець.'),
(12, 1, 'Парки', 'Одещини', 'park_odessa', 'Інфа про кількість і т.д.', 'Загальна інформація'),
(13, 1, 'Фортеці', 'Одещини', 'castle_odessa', 'Інфа про кількість і т.д.', 'Загальна інформація'),
(14, 2, 'Музеї', 'Київщини', 'museum_kyivska', 'Інфа про кількість і т.д.', 'Загальна інформація'),
(15, 2, 'Курорти', 'Київщини', 'resorts_kyivska', 'Інфа про кількість і т.д.', 'Загальна інформація'),
(16, 2, 'Парки', 'Київщини', 'park_kyivska', 'Інфа про кількість і т.д.', 'Загальна інформація'),
(17, 2, 'Фортеці', 'Київщини', 'castle_kyivska', 'Інфа про кількість і т.д.', 'Загальна інформація'),
(18, 3, 'Музеї', 'Києва', 'museum_kyiv', 'Інфа про кількість і т.д.', 'Загальна інформація'),
(19, 3, 'Курорти', 'Києва', 'resorts_kyiv', 'Інфа про кількість і т.д.', 'Загальна інформація'),
(20, 3, 'Парки', 'Києва', 'park_kyiv', 'Інфа про кількість і т.д.', 'Загальна інформація'),
(21, 3, 'Фортеці', 'Києва', 'castle_kyiv', 'Інфа про кількість і т.д.', 'Загальна інформація'),
(22, 4, 'Музеї', 'Херсонщини', 'museum_kherson', 'Інфа про кількість і т.д.', 'Загальна інформація'),
(23, 4, 'Курорти', 'Херсонщини', 'resorts_kherson', 'Інфа про кількість і т.д.', 'Загальна інформація'),
(24, 4, 'Парки', 'Херсонщини', 'park_kherson', 'Інфа про кількість і т.д.', 'Загальна інформація'),
(25, 4, 'Фортеці', 'Херсонщини', 'castle_kherson', 'Інфа про кількість і т.д.', 'Загальна інформація'),
(26, 5, 'Музеї', 'Миколаївщини', 'museum_mykolaiv', 'Інфа про кількість і т.д.', 'Загальна інформація'),
(27, 5, 'Курорти', 'Миколаївщини', 'resorts_mykolaiv', 'Інфа про кількість і т.д.', 'Загальна інформація'),
(28, 5, 'Парки', 'Миколаївщини', 'park_mykolaiv', 'Інфа про кількість і т.д.', 'Загальна інформація'),
(29, 5, 'Фортеці', 'Миколаївщини', 'castle_mykolaiv', 'Інфа про кількість і т.д.', 'Загальна інформація'),
(30, 6, 'Музеї', 'Запоріжжя', 'museum_zaporozhye', 'Інфа про кількість і т.д.', 'Загальна інформація'),
(31, 6, 'Курорти', 'Запоріжжя', 'resorts_zaporozhye', 'Інфа про кількість і т.д.', 'Загальна інформація'),
(32, 6, 'Парки', 'Запоріжжя', 'park_zaporozhye', 'Інфа про кількість і т.д.', 'Загальна інформація'),
(33, 6, 'Фортеці', 'Запоріжжя', 'castle_zaporozhye', 'Інфа про кількість і т.д.', 'Загальна інформація'),
(34, 7, 'Музеї', 'Дніпропетровщини', 'museum_dnipropetrovsk', 'Інфа про кількість і т.д.', 'Загальна інформація'),
(35, 7, 'Курорти', 'Дніпропетровщини', 'resorts_dnipropetrovsk', 'Інфа про кількість і т.д.', 'Загальна інформація'),
(36, 7, 'Парки', 'Дніпропетровщини', 'park_dnipropetrovsk', 'Інфа про кількість і т.д.', 'Загальна інформація'),
(37, 7, 'Фортеці', 'Дніпропетровщини', 'castle_dnipropetrovsk', 'Інфа про кількість і т.д.', 'Загальна інформація'),
(38, 8, 'Музеї', 'Харківщини', 'museum_kharkiv', 'Інфа про кількість і т.д.', 'Загальна інформація'),
(39, 8, 'Курорти', 'Харківщини', 'resorts_kharkiv', 'Інфа про кількість і т.д.', 'Загальна інформація'),
(40, 8, 'Парки', 'Харківщини', 'park_kharkiv', 'Інфа про кількість і т.д.', 'Загальна інформація'),
(41, 8, 'Фортеці', 'Харківщини', 'castle_kharkiv', 'Інфа про кількість і т.д.', 'Загальна інформація');

-- --------------------------------------------------------

--
-- Структура таблиці `not_famous_places`
--

CREATE TABLE `not_famous_places` (
  `id` int(11) NOT NULL,
  `place_name` varchar(200) COLLATE utf8mb4_unicode_ci NOT NULL,
  `img` varchar(500) COLLATE utf8mb4_unicode_ci NOT NULL,
  `location` varchar(500) COLLATE utf8mb4_unicode_ci NOT NULL,
  `information` text COLLATE utf8mb4_unicode_ci NOT NULL
) ENGINE=InnoDB DEFAULT CHARSET=utf8mb4 COLLATE=utf8mb4_unicode_ci;

--
-- Дамп даних таблиці `not_famous_places`
--

INSERT INTO `not_famous_places` (`id`, `place_name`, `img`, `location`, `information`) VALUES
(1, 'Буцький каньйон', 'butskyi_kanyon.jpg', 'смт Буки Маньківський район Черкаська область', 'Каньйон бере початок від греблі старої гідроелектростанції. Гребля та подалі вузьке, порожисте русло річки Гірський Тікич утворюють водоспад Вир. Каньйон являє собою оригінальний скелястий берег з виступами сірого граніту, заввишки близько 30 метрів. Довжина каньйону бл. 2,5 км, ширина — 80 м. Площа, що підлягає природоохоронним заходам — 80 га. Також каньйон пасує для скелелазіння та сплавів на байдарках.'),
(2, 'Тараканівський форт', 'tarakanivskiy_fort.jpeg', 'с Тараканів Дубенський район Рівненська область', 'Тараканівський форт - оборонна споруда, архітектурна пам\'ятка XIX століття. Форт має форму ромба зі сторонами близько 240 метрів. Ззовні він оточений глибоким ровом із земляними валами та укріпленими потужними стінами. В центральній частині форту зведена двоповерхова казарма, до якої ведуть чотири підземні ходи, прокладені під другим земляним валом. Там розташовувались житлові, складські та господарські приміщення для артилерійської роти та штаб коменданта форту. Периметр форту складений зі 105 так званих безпечних казематів і, щоб до них потрапити, треба було подолати подвійну лінію оборонних рубежів.\r\nЗа даними місцевих тут можна зустріти привидів.'),
(3, 'Музей в Переяслав-Хмельницький', 'museuam_Pereyaslav.jpg', 'м Переяслав-Хмельницький Київська область', 'Музей народної архітектури та побуту Середньої Наддніпрянщини — музей просто неба, розташований в околицях Переяслава. В музеї можна побачити яким було українське село Середньої Наддніпрянщини кінця ХІХ — початку ХХ століть, також будівлі та стоянки від часів пізнього палеоліту до часів Київської Русі. Музей ознайомлює з народною культурою, архітектурою та творчістю, звичаями та обрядами українців Середньої Наддніпрянщини. Варті уваги відвідувачів 122 пам\'ятки народної архітектури та понад 30 тисяч пам\'яток матеріальної і духовної культури.'),
(4, 'Українська Венеція', 'Vylkovo.jpg', 'м Вилкове Кілійський район Одеська область', 'Вилкове — місто, розташоване в українській частині дельти Дунаю. Це останній населений пункт на берегах Дунаю перед його впадінням в Чорне море. Це містечко називають українською Венецією тому, що переважна частина поселення розташована на воді. Тут є дороги, проте люди тут пересуваються на місцевих \"гондолах\" і моторних човнах.'),
(5, 'Заліщики', 'Zalishchyky.jpg', 'м Заліщики Тернопільська область', 'Заліщики – невеличке курортне містечко на лівому березі Дністра в південно-західному Поділлі, немов би на півострові. Також окрім красивого вигляду самого містечка, в ньому є багато туристичних принад: палац баронів Бруніцьких, Гінкго Ігнатія Бруніцького, костел Святого Станіслава. Головною прикрасою цього об\'єкта є панорама міста з меандром Дністра з протилежного, буковинського берегу'),
(6, 'Лемурійське озеро', 'Lemuryiske_ozero.jpg', 'Чаплинський район Херсонська область', 'Лемурійське озеро — озеро в Херсонській області України, недалеко від сіл Григорівка (Чаплинського району) та Нововолодимирівка, на східній частині (бухта) затоки Сиваш. Зачаровоє своїм рожевим кольором води. Солоність води озера сягає 270-300 грамів солі на літр води, тому це озеро також називають мертвим.'),
(7, 'Олешківські піски', 'Oleshkivska_pustelya.jpg', 'Олешківський район Херсонська область', 'Олешківські піски — це друга за розмірами пустеля в Європі. Розміри цього піщаного масиву вражають, це понад 200 тисяч гектарів'),
(8, 'Свірзький замок', 'svirzhskij_zamok.jpg', 'с Свірж Перемишлянський район Львівська область', 'Серед мальовничої природи Львівщини, на пагорбі височіють білокам\'яні вежі Свірзького замку. Фортечний комплекс розташований у селі Свірж, передмісті Львова. Щоб потрапити до споруди, треба перейти через міст над ровом.'),
(9, 'Гора Бона', 'gora_Bona.jpg', 'м Крименець Тернопільська область', 'Замковою горою або гора Бона –  гора-останець, що у Кременці, Тернопільської області. Це місто обросло легендами та історіями. Саме це і манить до неї туристів. Особлива атмосфера панує і в самому місті, адже його історія безпосередньо пов’язана з Замковою горою, на якій за легендами, жила жорстока королева.');

-- --------------------------------------------------------

--
-- Структура таблиці `region_castle`
--

CREATE TABLE `region_castle` (
  `id_castle` int(11) NOT NULL,
  `id_region` int(11) NOT NULL,
  `_name` varchar(50) COLLATE utf8mb4_unicode_ci NOT NULL,
  `imgName` varchar(50) COLLATE utf8mb4_unicode_ci NOT NULL,
  `Address` varchar(200) COLLATE utf8mb4_unicode_ci NOT NULL,
  `Paragraph1` text COLLATE utf8mb4_unicode_ci NOT NULL,
  `Paragraph2` text COLLATE utf8mb4_unicode_ci NOT NULL,
  `Paragraph3` text COLLATE utf8mb4_unicode_ci NOT NULL
) ENGINE=InnoDB DEFAULT CHARSET=utf8mb4 COLLATE=utf8mb4_unicode_ci;

--
-- Дамп даних таблиці `region_castle`
--

INSERT INTO `region_castle` (`id_castle`, `id_region`, `_name`, `imgName`, `Address`, `Paragraph1`, `Paragraph2`, `Paragraph3`) VALUES
(1, 1, 'Аккерманська фортеця', 'Bilhorod_Dnistrovskyi', 'https://goo.gl/maps/LLoSErCTUDPrFC8N9', 'Білгород-Дністерська фортеця або Аккерма́нська фортеця — історико-архітектурна пам\'ятка XIII–XV століть. Знаходиться в м. Білгород-Дністровський Одеської області.', 'Фортеця будувалася на залишках грецького міста Тіра. Існувало воно до IV століття. Але часті напади завойовників знищили поліс. Спочатку місто зруйнували готи, а потім гуни поклали кінець існуванню Тіри. Після греків на місці Тіри мешкали даки, анти, слов\'яни, болгари.. На думку істориків, у Х столітті Білгород входив до складу Київської Русі, потім деякий час належав Угорському королівству, а ще пізніше — Галицько-Волинському князівству. У складі останнього місто перебувало до нашестя татаро-монголів.', 'Достеменно невідомо, коли було закладено фортецю Монкастро. Нині її засновниками більшість істориків вважають генуезців, що прийшли у Причорномор\'я в ХІІІ столітті. Цікаво, що ця територія входила в той час до складу Золотої Орди. Але хитрі генуезці якимось чином домовились із татаро-монголами. Офіційно Монкастро було татарським містом, але правили в ньому генуезці. Фортеця мала контролювати Дністровський лиман.'),
(2, 1, 'Воронцовський палац', 'Одеса_-_Воронцовський_палац_P1050259', 'https://goo.gl/maps/gTLaCKMJ2qSmN1w16', 'Побудований палац на самому краю приморського пагорба, у місці, де колись була розміщена турецька фортеця Єні-Дунья, а задовго до неї — грецький античний поліс.', 'Палац візуально витканий з поєднань прямих і склепінчастих складових, архітектор використовував контраст між великими глухими гладкими поверхнями і колонадами. У розкішних інтер\'єрах, оформлених видатним скульптором і живописцем Карлом Скотті, використані прийоми романтизму. Інтер\'єри палацу являють собою найкращі зразки збережених інтер\'єрів Одеси епохи ампіру. Парадні кімнати першого поверху включають передню, більярдну, напівциркульну їдальню з великою відкритою терасою, що дає прекрасний вид на Одеську затоку, велика зала (з розкішними дверима, в фільонках під лазурит і бронзу, з бурштиновими ручками, привезеними сюди з царського Михайлівського палацу в Петербурзі, з каміном із дорогої мозаїки en pierres fines), бібліотеку, «кімнату манускриптів», «китайський кабінет» графині Є. К. Воронцової, «турецьку кімнату». Остання — найелегантніша, має високу стелю в «готичному стилі» у світло-зелених тонах з великою кількістю пишної позолоти. Їдальня прикрашена пілястрами коринфського ордера з напівциркульними нішами для статуй або для вазонів з квітами. Стелю їдальні прикрашає багата ліпнина. Другий поверх палацу, на якому знаходилися житлові кімнати, оформлений просто і без декоративних надмірностей.', 'У 1837 році на другий день перебування в Одесі в новому палаці одним з перших побував поет В. А. Жуковський, після чого в його щоденнику з\'явився лаконічний запис: «28 серпня. Прогулянка по місту. Огляд будинку графа Воронцова. Оранжереї. Медальний кабінет. Бібліотека.» Мова йде про багатющу бібліотеку графа, книгами з якої користувався Пушкін ще до того, як вона зайняла спеціально відведений зал в новозбудованому палаці. Згодом книжкові збори Воронцова були даровані місцевому університету, де під назвою «Воронцовський фонд» зберігається й досі.');

-- --------------------------------------------------------

--
-- Структура таблиці `region_church`
--

CREATE TABLE `region_church` (
  `id_church` int(11) NOT NULL,
  `id_region` int(11) NOT NULL,
  `_name` varchar(50) COLLATE utf8mb4_unicode_ci NOT NULL,
  `imgName` varchar(50) COLLATE utf8mb4_unicode_ci NOT NULL,
  `Address` varchar(200) COLLATE utf8mb4_unicode_ci NOT NULL,
  `Paragraph1` text COLLATE utf8mb4_unicode_ci NOT NULL,
  `Paragraph2` text COLLATE utf8mb4_unicode_ci NOT NULL,
  `Paragraph3` text COLLATE utf8mb4_unicode_ci NOT NULL
) ENGINE=InnoDB DEFAULT CHARSET=utf8mb4 COLLATE=utf8mb4_unicode_ci;

--
-- Дамп даних таблиці `region_church`
--

INSERT INTO `region_church` (`id_church`, `id_region`, `_name`, `imgName`, `Address`, `Paragraph1`, `Paragraph2`, `Paragraph3`) VALUES
(1, 3, 'Церква святої Катерини', 'KontraktovaSquare', 'https://goo.gl/maps/BYALWGrD2untJ6Z78', 'Це́рква Святої Катерини — монастирський храм у Києві на Подолі, збудований у 1739—1741 роках та зруйнований у 1929 році.', 'Ще з 17 століття у Києві існувала значна за чисельністю колонія купців-греків. Вони здавна прагнули мати свій храм у місті і нарешті, в садибі грека Астаматіоса Стіматі 1738 року споруджено дерев\'яну каплицю, незважаючи на спротив Київського магістрата.', 'Впродовж 1739—1741 років замість каплиці збудували кам\'яний храм. Це був типовий храм української архітектури — із яскравими рисами бароко. Храм мав три бані. 1746 року грецька парафія перетворилася на чоловічий монастир, підпорядкований Синайській єпархії.'),
(2, 3, 'Церква святого Миколая', 'Askoldova_mogyla', 'https://goo.gl/maps/uEGyHcxm6yLpv92VA', 'Це́рква Свято́го Микола́я на Аско́льдовій моги́лі — храм в урочищі Аскольдова могила (Київ), спроектований Андрієм Меленським і збудований 1809 року на місці культових споруд, які існували на цьому місці від XI століття і від самого початку були присвячені Святому Миколаю.', 'Стародавня Микільська церква була споруджена не пізніше X століття якимось Ольмою поряд зі своїм двором, над могилою князя Аскольда в урочищі Угорському, яке з XVIII столітті зветься Аскольдовою могилою. Назву церква отримала за ім\'ям, яке прийняв Аскольд при хрещенні у 867 році — Микола.', 'Певний час була поширена думка про те, що до будування церкви причетна княгиня Ольга, а, отже, церква є найдавнішою на Русі. Виникла ця думка, найімовірніше, через помилку переписувача,який свого часу замість «Олма» написав «Олга». Втім, деякі дослідники й автори дотримуються прямо протилежної версії. Висловлено думку, що Ольма — це Олмош (Алмош), хан угрів, спільник Осколда-Миколи, який на межі IX століття та X століття під тиском печенігів вивів орду мадяр з причорноморських степів до Панонії[1].'),
(3, 1, 'Храм Володимирської ікони Божої Матері ', 'Our_Lady_of_Vladimir_Church_2', 'https://goo.gl/maps/PmDy22qUaMi9h25YA', 'Храм Володимирської ікони Божої Матері (рос. Храм Владимирской иконы Божией Матери) — православний храм в Одесі, що знаходиться за адресою: пр. Добровольського, 110.', 'З благословення митрополита Лазаря, архієпископа Одеського та Ізмаїльського 11 грудня 1991 року була створена і зареєстрована громада Української Православної Церкви, очолив яку ініціатор її створення архімандрит Тихон (Бондаренко). Громада звернулася до міської ради з проханням надати місце для будівництва храму. Позитивного вирішення цього питання православні християни очікували кілька років. Причиною цього було небажання влади надати для будівництва храму належного місця. Пропонувалося декілька місць на околиці селища Котовського, доступ до яких для більшості населення був вельми ускладнений. Храм побудували там, де за проектом мало стояти одна з перших будівель на селищі Котовського — готель Одеського припортового заводу. Її будівництво розпочалося ще в 1977 році, але не зазнало успіху, хоча завод мав матеріальну можливість для завершення її будівництва. Громада звернулася до керівництва заводу з проханням передати цю територію для будівництва храму, і отримала його згоду.', '11 листопада 1992 настоятелем споруджуваного храму митрополит Агафангел призначив ієрея Миколу Погорелівського. Першу літургію було здійснено 11 квітня 1993 року в день Входу Господнього в Єрусалим. Офіційна передача документів на землю, що призначалася для будівництва готелю, в розпорядження громади храму Володимирської ікони Божої Матері, відбулася 6 січня 1994 року, а вже 20 березня, в день Торжества Православ\'я, митрополитом Агафангелом урочисто була здійснена закладка першого каменя храму на честь Володимирської ікони Божої Матері. Проект храму був створений Миколою Миколайовичем Гуселетовим за ескізом Леонарда Колдаєва. Площа храму більше 300 кв. метрів, висота куполу — 21 метр, дзвіниці — 27 метрів.\r\n\r\nВже 8 вересня 1996 року, в день пам\'яті Володимирської ікони Божої Матері створений храм був освячений Володимиром, Митрополитом Київським і всієї України, митрополитом Агафангелом та архієпископом Іларіоном.'),
(4, 1, 'Св.-Дмитріївська церква', 'Lustdorfskaya-doroga-6-10', 'https://goo.gl/maps/CXZfGChihoLCcSnE7', 'Св.-Дмитріївська церква (рос. Храм святителя Димитрия Ростовского) — православний храм, що знаходиться на Новому християнському кладовищі. Розташований за адресою: Люстдорфська дорога 6.', 'У червні 1885 р. комісія зі спорудження храму підписала контракт із підрядниками — інженерами Плановским і Гайновським на побудову храму за проектом архітектора Георгія Мелетійовича Дмитренка. Закладка храму та освячення проводилось 14 липня 1885 в присутності преосвященного Никанора, єпископа Херсонського і Одеського. У фундамент був покладений «краеугольний» камінь, а преосвященний Никанор зробив по ньому перший удар сокирою з ручкою чорного дерева.', 'Будівля церкви, виконана в російському ярославському стилі, мала багато цікавих архітектурних рішень. Будівництво її йшло швидко і безупинно, і вже 11 червня 1887 комісія з будівництва прийняла закінчену споруду. Залишалося виконати роботи з установки іконостасу, влаштуванню мармурової підлоги, золоченню хрестів, на що міська дума виділила додаткові кошти. Загалом, витрати міста на побудову храму з внутрішньою обробкою, іконостасом, живописом і всієї церковним начинням склали 45 000 руб. До літа 1888 споруда була в цілому закінчена. Храм велично височів над нещодавно відкритим, в 1885 році, ще майже порожнім, Новим кладовищем. Припускалося освятити храм 12 вересня(30 серпня), у день перенесення мощей Святого Олександра Невського, проте остаточна доробка оздоблення храму зажадала ще деякого часу. Громадяни Одеси ніколи не були байдужими в справі благодійності при споруді міських церков. Відомо безліч випадків грошових і речових пожертвувань на богоугодні справи. Так, «що проживає в Одесі відставний рядовий Микола Євсєєв, відчуваючи наближення смерті і не маючи ні рідних, ні знайомих, пожертвував наявні у нього 300 рублів, здобуті важкою багаторічною працею, на прикрасу храму в пам\'ять Святого Дмитра». Напередодні свята дня святителя Дмитра, митрополита Ростовського, 1 жовтня (30 вересня) 1888 відбулося освячення храму, спорудженого в пам\'ять покійного архієпископа Херсонського і Одеського Дмитра (Муретова). Урочисте освячення здійснював преосвященний Никанор, архієпископ Херсонський і Одеський.'),
(5, 1, 'Свято-Григоріє-Богословська церква', '398px-Будівля_церкви_Григорія_Богослова', 'https://goo.gl/maps/qkufF4F9pfQgs9kF8', 'У період підготовки до святкування 100-річчя міста міський голова Григорій Григорович Маразлі виступив з пропозицією побудувати на свої кошти церква для духовного розвитку учнів декількох навчальних закладів міста. Місце для церкви було обрано на Старопортофранківській вулиці в провулку між міським 6-ти класним училищем і 2-й жіночою гімназією. Проект храму складено архітектором Ландесманом. Закладка нового храму відбулася 9 серпня 1894 і тільки 16 березня 1896 було скоєно урочисте освячення. Освячення храму в ім\'я святителя Григорія Богослова і святої мучениці Зої (так звали батьків Григорія Маразлі) здійснив преосвященний Тихон, єпископ Єлісоветградскій, у співслужінні з архієпископом Херсонським і Одеським Іустином.', 'У 1930 році більшовиками був закритий. Однак, в період румунської окупації деякі з одеських церков відкрили свої двері, серед них був і храм Григорія Богослова і святої мучениці Зої. У травні 1961 відбулося друге закриття храму, після чого його приміщення було віддано під склад хлібокомбінату.', 'Храм має форму древньої базиліки з витонченою дзвіницею і прекрасним фасадом. Храм вдало виконував роль домашній церкві для зазначених навчальних закладів. Крім головного фасаду, храм мав два бічних, вхідні двері яких були звернені: одна у двір Гімназії — для входу учениць; інша, у двір училища — для входу учнів. Вже в той період в церкві було центральне опалення.');

-- --------------------------------------------------------

--
-- Структура таблиці `region_hotel`
--

CREATE TABLE `region_hotel` (
  `id_hotel` int(11) NOT NULL,
  `id_region` int(11) NOT NULL,
  `_name` varchar(50) COLLATE utf8mb4_unicode_ci NOT NULL,
  `imgName` varchar(50) COLLATE utf8mb4_unicode_ci NOT NULL,
  `Address` varchar(200) COLLATE utf8mb4_unicode_ci NOT NULL,
  `Paragraph1` text COLLATE utf8mb4_unicode_ci NOT NULL,
  `Paragraph2` text COLLATE utf8mb4_unicode_ci NOT NULL,
  `Paragraph3` text COLLATE utf8mb4_unicode_ci NOT NULL
) ENGINE=InnoDB DEFAULT CHARSET=utf8mb4 COLLATE=utf8mb4_unicode_ci;

-- --------------------------------------------------------

--
-- Структура таблиці `region_museum`
--

CREATE TABLE `region_museum` (
  `id_museum` int(11) NOT NULL,
  `id_region` int(11) NOT NULL,
  `_name` varchar(50) COLLATE utf8mb4_unicode_ci NOT NULL,
  `imgName` varchar(50) COLLATE utf8mb4_unicode_ci NOT NULL,
  `Address` varchar(200) COLLATE utf8mb4_unicode_ci NOT NULL,
  `Paragraph1` text COLLATE utf8mb4_unicode_ci NOT NULL,
  `Paragraph2` text COLLATE utf8mb4_unicode_ci NOT NULL,
  `Paragraph3` text COLLATE utf8mb4_unicode_ci NOT NULL
) ENGINE=InnoDB DEFAULT CHARSET=utf8mb4 COLLATE=utf8mb4_unicode_ci;

--
-- Дамп даних таблиці `region_museum`
--

INSERT INTO `region_museum` (`id_museum`, `id_region`, `_name`, `imgName`, `Address`, `Paragraph1`, `Paragraph2`, `Paragraph3`) VALUES
(1, 1, 'Одеський археологічний музей', 'Будівля_Археологічного_музею_Одеса', 'https://goo.gl/maps/B8R9PEHeVbaPzaSB8', 'Оде́ський археологі́чний музе́й НАН України — найстаріший в Україні археологічний музей, науково-дослідний інститут Відділення історії, філософії та права НАН України, входить до складу Південного наукового центру НАН України та МОН України.', 'Основний фонд музею являє собою найбільшу колекцію джерел по давньої історії Північного Причорномор\'я, він налічує понад 170 тисяч археологічних джерел давньої історії Півдня України від кам\'яної доби до середньовіччя, в тому числі, 55 тисяч монет, єдина в Україні колекція пам\'яток Стародавнього Єгипту, найбільше у державі зібрання античних раритетів.', 'Найкращі зразки античної скульптури виставлені у вестибюлі будинку, спеціально побудованого для Публічної бібліотеки в 1883 році. У перших двох залах демонструються матеріали, що охоплюють період від появи людини до II тисячоріччя до н. е. Особливий інтерес становлять знахідки з поселень і могильників культур Гумельниця, Трипілля, Усатово, підкурганних поховань і скарбів епохи бронзи, наприклад Антонівський скарб.'),
(2, 1, 'Одеський художній музей', '800px-Odessa_Art_Museum_Front', 'https://g.page/OFAMORGUA?share', 'Одеський художній музей — розташовано на периферії центру Одеси, у будівлі садиби родини Наришкіних, пам\'ятнику архітектури початку XIX століття.', 'Музей був відкритий 6 листопада 1899 року стараннями Одеського товариства витончених мистецтв (засноване в 1865 році). Музейні збори почалися з картин, переданих для музею Петербурзькою Академією мистецтв. Експозиція Одеського художнього музею розміщена в 26 залах .', 'В колекції представлені і твори українських митців, серед них — Володимир Боровиковський, Амвросій Ждаха, Костянтин Трутовський, Микола Пимоненко, Сергій Васильківський, Олександр Мурашко, Петро Левченко, Марія Примаченко, Михайло Дерегус, Адальберт Ерделі, Федір Манайло, Йосип Бокшай, Андрій Коцка, Тарас Шевченко, музей має тільки офорти митця.');

-- --------------------------------------------------------

--
-- Структура таблиці `region_names`
--

CREATE TABLE `region_names` (
  `Id` int(11) NOT NULL COMMENT 'ID області',
  `region_name` varchar(50) COLLATE utf8mb4_unicode_ci NOT NULL COMMENT 'Назва області',
  `Key_name` varchar(50) COLLATE utf8mb4_unicode_ci NOT NULL COMMENT 'Ключове слово області',
  `Nominative` varchar(50) COLLATE utf8mb4_unicode_ci NOT NULL COMMENT 'Назва в Називному відмінку',
  `Ablative` varchar(50) COLLATE utf8mb4_unicode_ci NOT NULL COMMENT 'Назва в Орудному відмінку',
  `Genitive` varchar(50) COLLATE utf8mb4_unicode_ci NOT NULL COMMENT 'Назва в Родовому відмінку',
  `Paragraph1` text COLLATE utf8mb4_unicode_ci NOT NULL COMMENT 'Абзац 1',
  `Paragraph2` text COLLATE utf8mb4_unicode_ci NOT NULL COMMENT 'Абзац 2',
  `Paragraph3` text COLLATE utf8mb4_unicode_ci NOT NULL COMMENT 'Абзац 3',
  `Paragraph4` text COLLATE utf8mb4_unicode_ci NOT NULL COMMENT 'Абзац 4',
  `Map` text COLLATE utf8mb4_unicode_ci NOT NULL COMMENT 'Область на карті',
  `linkHotel` text COLLATE utf8mb4_unicode_ci NOT NULL COMMENT 'Посилання на готелі області',
  `Hotels` text COLLATE utf8mb4_unicode_ci NOT NULL COMMENT 'Розміщення готелів на мапі'
) ENGINE=InnoDB DEFAULT CHARSET=utf8mb4 COLLATE=utf8mb4_unicode_ci;

--
-- Дамп даних таблиці `region_names`
--

INSERT INTO `region_names` (`Id`, `region_name`, `Key_name`, `Nominative`, `Ablative`, `Genitive`, `Paragraph1`, `Paragraph2`, `Paragraph3`, `Paragraph4`, `Map`, `linkHotel`, `Hotels`) VALUES
(1, 'region_odessa', 'odessa', 'Одещина', 'Одещиною', 'Одещини', 'Одеська область – приморський і прикордонний регіон України, розташований на крайньому південному заході країни.', 'По території області проходять державні кордони України з Румунією і Молдовою. На півдні Одеська область виходить до Чорного моря. Довжина морських і лиманних узбереж від гирла ріки Дунай до Тилигульского лиману досягає 300 км.', 'Геополітичне положення Одещини обумовлене вигідним транспортно-географічним розміщенням.', '', '<iframe src=\"https://www.google.com/maps/embed?pb=!1m18!1m12!1m3!1d1400637.7143379208!2d28.638154893245908!3d46.71322091964019!2m3!1f0!2f0!3f0!3m2!1i1024!2i768!4f13.1!3m3!1m2!1s0x40c631819a8e1469%3A0x1f6bf068b57ed7c5!2z0J7QtNC10YHRjNC60LAg0L7QsdC70LDRgdGC0Yw!5e0!3m2!1suk!2sua!4v1584282240555!5m2!1suk!2sua\" width=\"400\" height=\"300\" frameborder=\"0\" style=\"border:0;\" allowfullscreen=\"\" aria-hidden=\"false\" tabindex=\"0\"></iframe>', 'https://goo.gl/maps/QmbMEs81QSqwNSdn9', '<iframe src=\"https://www.google.com/maps/embed?pb=!1m16!1m12!1m3!1d707628.6451226737!2d29.88281402587537!3d46.14727330880022!2m3!1f0!2f0!3f0!3m2!1i1024!2i768!4f13.1!2m1!1z0LPQvtGC0LXQu9GWINCx0ZbQu9GPINCe0LTQtdGB0YHQsCwg0J7QtNC10YHRjNC60LAg0L7QsdC70LDRgdGC0Yw!5e0!3m2!1suk!2sua!4v1584908099829!5m2!1suk!2sua\" width=\"600\" height=\"450\" frameborder=\"0\" style=\"border:0;\" allowfullscreen=\"\" aria-hidden=\"false\" tabindex=\"0\"></iframe>'),
(2, 'region_kyivska', 'kyivska', 'Київщина', 'Київщиною', 'Київщини', 'Київщина — область на півночі України.', 'Площа області становить 28 131 км².', 'На сході межує з Чернігівською і Полтавською, на південному-сході та півдні з Черкаською, на південному-заході — з Вінницькою, на заході — з Житомирською областями, на півночі — з Гомельською областю Білорусі.', 'На Київщині 8 населених місць належать до Списку історичних населених місць України, а саме:  Біла Церква, Богуслав, Васильків, Вишгород, Переяслав, Ржищів, Фастів, Яготин. В цих містах варто побувати.', '<iframe src=\"https://www.google.com/maps/embed?pb=!1m18!1m12!1m3!1d1303187.5995839464!2d29.592568292438827!3d50.361178821264375!2m3!1f0!2f0!3f0!3m2!1i1024!2i768!4f13.1!3m3!1m2!1s0x40d4ce5dfc458af7%3A0xa6e00aaf7b205d07!2z0JrQuNGX0LLRgdGM0LrQsCDQvtCx0Lsu!5e0!3m2!1suk!2sua!4v1583656865411!5m2!1suk!2sua\" width=\"400\" height=\"300\" frameborder=\"0\" style=\"border:0;\" allowfullscreen=\"\" aria-hidden=\"false\" tabindex=\"0\"></iframe>', 'https://goo.gl/maps/cmUW4CihdozpmxCq9', '<iframe src=\"https://www.google.com/maps/embed?pb=!1m16!1m12!1m3!1d326789.4530225481!2d30.427444382904678!3d50.21642435451128!2m3!1f0!2f0!3f0!3m2!1i1024!2i768!4f13.1!2m1!1z0LPQvtGC0LXQu9GWINCx0ZbQu9GPINCa0LjRl9Cy0YHRjNC60LAg0L7QsdC70LDRgdGC0Yw!5e0!3m2!1suk!2sua!4v1584301085042!5m2!1suk!2sua\" width=\"600\" height=\"450\" frameborder=\"0\" style=\"border:0;\" allowfullscreen=\"\" aria-hidden=\"false\" tabindex=\"0\"></iframe>'),
(3, 'region_kyiv', 'kyiv', 'Київ', 'Києвом', 'Києва', 'Київ — столиця України, одне з найбільших і найстаріших міст Європи.', 'Площа міста становить 	847,66км².', 'Для більшості Київ це каштани, музеї, Хрещатик. Але є ще багато цікавинок! Пропонуємо Вам переглянути відомості про місця, які варті уваги.', '', '<iframe src=\"https://www.google.com/maps/embed?pb=!1m18!1m12!1m3!1d325518.68780316407!2d30.252511957059642!3d50.4016990487754!2m3!1f0!2f0!3f0!3m2!1i1024!2i768!4f13.1!3m3!1m2!1s0x40d4cf4ee15a4505%3A0x764931d2170146fe!2z0JrQuNGX0LIsIDAyMDAw!5e0!3m2!1suk!2sua!4v1585234498731!5m2!1suk!2sua\" width=\"400\" height=\"300\" frameborder=\"0\" style=\"border:0;\" allowfullscreen=\"\" aria-hidden=\"false\" tabindex=\"0\"></iframe>', 'https://goo.gl/maps/rWzeU9rUfqDMSX667', '<iframe src=\"https://www.google.com/maps/embed?pb=!1m16!1m12!1m3!1d162647.78960035703!2d30.40428614895977!3d50.434176602627424!2m3!1f0!2f0!3f0!3m2!1i1024!2i768!4f13.1!2m1!1z0JPQvtGC0LXQu9GW!5e0!3m2!1suk!2sua!4v1584298794318!5m2!1suk!2sua\" width=\"600\" height=\"450\" frameborder=\"0\" style=\"border:0;\" allowfullscreen=\"\" aria-hidden=\"false\" tabindex=\"0\"></iframe>'),
(4, 'region_kherson', 'kherson', 'Херсонщина', 'Херсонщиною', 'Херсонщини', 'Херсонська область розташована на півдні України, у басейні нижньої течії Дніпра, у межах Причорноморської низовини. На сході межує із Запорізькою, на півдні – з Республікою Крим, на заході – із Миколаївською, на півночі – із Дніпропетровською областями.', 'За своїми природними і кліматичними умовами південь України належить до кращих територій світу. Херсонська область єдина в Україні, яка має три моря – Чорне, Азовське та Гниле море, або озеро Сиваш з унікальними цілющими властивостями.', 'Клімат помірно континентальний, посушливий. Тривалість безморозного періоду в середньому 179 днів на рік.', '', '<iframe src=\"https://www.google.com/maps/embed?pb=!1m18!1m12!1m3!1d1401649.2513428226!2d32.27608007378932!3d46.674232973927715!2m3!1f0!2f0!3f0!3m2!1i1024!2i768!4f13.1!3m3!1m2!1s0x40c391434eef5487%3A0x101068488f64140!2z0KXQtdGA0YHQvtC90YHRjNC60LAg0L7QsdC70LDRgdGC0Yw!5e0!3m2!1suk!2sua!4v1584282158882!5m2!1suk!2sua\" width=\"400\" height=\"300\" frameborder=\"0\" style=\"border:0;\" allowfullscreen=\"\" aria-hidden=\"false\" tabindex=\"0\"></iframe>', 'https://www.google.com/maps/search/%D0%B3%D0%BE%D1%82%D0%B5%D0%BB%D1%96+%D0%B1%D1%96%D0%BB%D1%8F+Kherson,+%D0%A5%D0%B5%D1%80%D1%81%D0%BE%D0%BD%D1%81%D1%8C%D0%BA%D0%B0+%D0%BE%D0%B1%D0%BB%D0%B0%D1%81%D1%82%D1%8C/@46.6578256,32.5618266,13z', '<iframe src=\"https://www.google.com/maps/embed?pb=!1m16!1m12!1m3!1d43814.167500112926!2d32.56028164845029!3d46.65865030796757!2m3!1f0!2f0!3f0!3m2!1i1024!2i768!4f13.1!2m1!1z0LPQvtGC0LXQu9GWINCx0ZbQu9GPIEtoZXJzb24sINCl0LXRgNGB0L7QvdGB0YzQutCwINC-0LHQu9Cw0YHRgtGM!5e0!3m2!1suk!2sua!4v1584907865886!5m2!1suk!2sua\" width=\"600\" height=\"450\" frameborder=\"0\" style=\"border:0;\" allowfullscreen=\"\" aria-hidden=\"false\" tabindex=\"0\"></iframe>'),
(5, 'region_mykolaiv', 'mykolaiv', 'Миколаївщина', 'Миколаївщиною', 'Миколаївщини', 'Миколaївська область – розташована на півдні країни в межах Причорноморської низовини в басейні нижньої течії річки Південний Буг. На заході межує з Одеською, на півночі з Кіровоградською, на сході та північному сході з Дніпропетровською та на південному сході з Херсонською областями.', 'На півдні омивається водами Чорного моря.', 'Площа — 24,6 тис. км².', 'Центр області — місто Миколаїв.', '<iframe src=\"https://www.google.com/maps/embed?pb=!1m18!1m12!1m3!1d1385780.7233586507!2d30.574664091823273!3d47.28301513980131!2m3!1f0!2f0!3f0!3m2!1i1024!2i768!4f13.1!3m3!1m2!1s0x40c59abab155d4c9%3A0x9382d10df151ad2e!2z0JzQuNC60L7Qu9Cw0ZfQstGB0YzQutCwINC-0LHQu9Cw0YHRgtGM!5e0!3m2!1suk!2sua!4v1584282096850!5m2!1suk!2sua\" width=\"400\" height=\"300\" frameborder=\"0\" style=\"border:0;\" allowfullscreen=\"\" aria-hidden=\"false\" tabindex=\"0\"></iframe>', 'https://www.google.com/maps/search/%D0%B3%D0%BE%D1%82%D0%B5%D0%BB%D1%96+%D0%B1%D1%96%D0%BB%D1%8F+%D0%9C%D0%B8%D0%BA%D0%BE%D0%BB%D0%B0%D1%97%D0%B2/@46.9191582,31.9568014,12z', '<iframe src=\"https://www.google.com/maps/embed?pb=!1m16!1m12!1m3!1d87198.75860418408!2d31.936202050355476!3d46.92314459363498!2m3!1f0!2f0!3f0!3m2!1i1024!2i768!4f13.1!2m1!1z0LPQvtGC0LXQu9GWINCx0ZbQu9GPINCc0LjQutC-0LvQsNGX0LI!5e0!3m2!1suk!2sua!4v1584907755835!5m2!1suk!2sua\" width=\"600\" height=\"450\" frameborder=\"0\" style=\"border:0;\" allowfullscreen=\"\" aria-hidden=\"false\" tabindex=\"0\"></iframe>'),
(6, 'region_zaporozhye', 'zaporozhye', 'Запоріжжя', 'Запоріжжям', 'Запоріжжя', 'Запорізька область – утворена 10 січня 1939 року шляхом поділу Дніпропетровської області.', 'Розташована на південному сході України, займає переважно лівобережну частину басейну нижньої течії річки Дніпро.', 'Площа — 27,18 тис. км².', 'Центр області — місто Запоріжжя.', '<iframe src=\"https://www.google.com/maps/embed?pb=!1m18!1m12!1m3!1d1387988.85510018!2d34.57102567943248!3d47.198661867865475!2m3!1f0!2f0!3f0!3m2!1i1024!2i768!4f13.1!3m3!1m2!1s0x40dc67152c234fd1%3A0xe1878ebf93796a8c!2z0JfQsNC_0L7RgNGW0LfRjNC60LAg0L7QsdC70LDRgdGC0Yw!5e0!3m2!1suk!2sua!4v1584282013162!5m2!1suk!2sua\" width=\"400\" height=\"300\" frameborder=\"0\" style=\"border:0;\" allowfullscreen=\"\" aria-hidden=\"false\" tabindex=\"0\"></iframe>', 'https://www.google.com/maps/search/%D0%B3%D0%BE%D1%82%D0%B5%D0%BB%D1%96+%D0%B1%D1%96%D0%BB%D1%8F+%D0%97%D0%B0%D0%BF%D0%BE%D1%80%D1%96%D0%B6%D0%B6%D1%8F,+%D0%97%D0%B0%D0%BF%D0%BE%D1%80%D1%96%D0%B7%D1%8C%D0%BA%D0%B0+%D0%BE%D0%B1%D0%BB%D0%B0%D1%81%D1%82%D1%8C/@47.8106939,35.0791324,10z', '<iframe src=\"https://www.google.com/maps/embed?pb=!1m16!1m12!1m3!1d342974.90026948485!2d35.079132435077895!3d47.810693899027335!2m3!1f0!2f0!3f0!3m2!1i1024!2i768!4f13.1!2m1!1z0LPQvtGC0LXQu9GWINCx0ZbQu9GPINCX0LDQv9C-0YDRltC20LbRjywg0JfQsNC_0L7RgNGW0LfRjNC60LAg0L7QsdC70LDRgdGC0Yw!5e0!3m2!1suk!2sua!4v1584907637357!5m2!1suk!2sua\" width=\"600\" height=\"450\" frameborder=\"0\" style=\"border:0;\" allowfullscreen=\"\" aria-hidden=\"false\" tabindex=\"0\"></iframe>'),
(7, 'region_dnipropetrovsk', 'dnipropetrovsk', 'Дніпропетровщина', 'Дніпропетровщиною', 'Дніпропетровщини', 'Дніпропетровська область — область розташована в центрально-східній частині України.', 'Площа області становить 31,9 тис. км² (з 5,3 % площі території України це друга за територією в Україні область після Одеської).', 'Населення — 3 300 309 осіб.', 'Центр області і найбільше місто — Дніпро. Інші великі міста: Кривий Ріг, Кам\'янське, Нікополь, Павлоград.', '<iframe src=\"https://www.google.com/maps/embed?pb=!1m18!1m12!1m3!1d2717678.0126371616!2d32.7052783453335!3d48.303189266283!2m3!1f0!2f0!3f0!3m2!1i1024!2i768!4f13.1!3m3!1m2!1s0x40dbdc5f62e8eba1%3A0x59cec337be011897!2z0JTQvdGW0L_RgNC-0L_QtdGC0YDQvtCy0YHRjNC60LAg0L7QsdC70LDRgdGC0Yw!5e0!3m2!1suk!2sua!4v1584281596187!5m2!1suk!2sua\" width=\"400\" height=\"300\" frameborder=\"0\" style=\"border:0;\" allowfullscreen=\"\" aria-hidden=\"false\" tabindex=\"0\"></iframe>', 'https://www.google.com/maps/search/%D0%B3%D0%BE%D1%82%D0%B5%D0%BB%D1%96+%D0%B4%D0%BD%D1%96%D0%BF%D1%80%D0%BE%D0%BF%D0%B5%D1%82%D1%80%D0%BE%D0%B2%D1%89%D0%B8%D0%BD%D0%B0/@48.4753119,34.4946408,9z', '<iframe src=\"https://www.google.com/maps/embed?pb=!1m16!1m12!1m3!1d677125.3614484437!2d34.49464080878694!3d48.47531188850118!2m3!1f0!2f0!3f0!3m2!1i1024!2i768!4f13.1!2m1!1z0LPQvtGC0LXQu9GWINC00L3RltC_0YDQvtC_0LXRgtGA0L7QstGJ0LjQvdCw!5e0!3m2!1suk!2sua!4v1584907489051!5m2!1suk!2sua\" width=\"600\" height=\"450\" frameborder=\"0\" style=\"border:0;\" allowfullscreen=\"\" aria-hidden=\"false\" tabindex=\"0\"></iframe>'),
(8, 'region_kharkiv', 'kharkiv', 'Харківщина', 'Харківщиною', 'Харківщини', 'Хaрківська oбласть — область у Слобідській Україні в межах Придніпровської низовини і Середньоруської височини.', 'Область розташована на сході України. Вона межує з Луганською, Донецькою, Дніпропетровською, Полтавською, Сумською областями України та з Бєлгородською областю Росії.', 'Площа — 31,4 тис. км².', 'Населення — 2 699 846 осіб, в тому числі міського 2 208 029 осіб і сільського 552 919 осіб.</p><p>Центр області — місто Харків.', '<iframe src=\"https://www.google.com/maps/embed?pb=!1m18!1m12!1m3!1d1326956.0245792607!2d35.35490826206041!3d49.48996616387647!2m3!1f0!2f0!3f0!3m2!1i1024!2i768!4f13.1!3m3!1m2!1s0x412758eb2e5ef601%3A0x101068488f641a0!2z0KXQsNGA0LrRltCy0YHRjNC60LAg0L7QsdC70LDRgdGC0Yw!5e0!3m2!1suk!2sua!4v1584281651371!5m2!1suk!2sua\" width=\"400\" height=\"300\" frameborder=\"0\" style=\"border:0;\" allowfullscreen=\"\" aria-hidden=\"false\" tabindex=\"0\"></iframe>', 'https://www.google.com/maps/search/%D0%B3%D0%BE%D1%82%D0%B5%D0%BB%D1%96+%D0%B1%D1%96%D0%BB%D1%8F+Kharkiv,+%D0%A5%D0%B0%D1%80%D0%BA%D1%96%D0%B2%D1%81%D1%8C%D0%BA%D0%B0+%D0%BE%D0%B1%D0%BB%D0%B0%D1%81%D1%82%D1%8C/@49.9491019,35.9923709,9z', '<iframe src=\"https://www.google.com/maps/embed?pb=!1m16!1m12!1m3!1d657233.8872754399!2d35.99237090632996!3d49.94910186220436!2m3!1f0!2f0!3f0!3m2!1i1024!2i768!4f13.1!2m1!1z0LPQvtGC0LXQu9GWINCx0ZbQu9GPIEtoYXJraXYsINCl0LDRgNC60ZbQstGB0YzQutCwINC-0LHQu9Cw0YHRgtGM!5e0!3m2!1suk!2sua!4v1584906933728!5m2!1suk!2sua\" width=\"600\" height=\"450\" frameborder=\"0\" style=\"border:0;\" allowfullscreen=\"\" aria-hidden=\"false\" tabindex=\"0\"></iframe>'),
(9, 'region_vinitska', 'vinitska', 'Вінниччина', 'Вінницею', 'Вінниці', 'Вінницька область — область у Центральній Україні.', 'Область займає майже 4,5 % території України. На південному заході Вінниччини, по річці Дністер, на ділянці 191 кілометра проходить державний кордон з Республікою Молдова.\r\nНа заході межує з Чернівецькою та Хмельницькою, на півночі з Житомирською, на сході з Київською, Кіровоградською та Черкаською, на півдні з Одеською областями України та з Республікою Молдова, в тому числі частина кордону приходиться на невизнане Придністров\'я.', 'Площа – 26513 км².', 'Обласний центр – Вінниця.', '<iframe src=\"https://www.google.com/maps/embed?pb=!1m18!1m12!1m3!1d1340939.6424597895!2d27.575430339740873!3d48.97209153976481!2m3!1f0!2f0!3f0!3m2!1i1024!2i768!4f13.1!3m3!1m2!1s0x40cd54fe0cad2e8b%3A0x101068488f640b0!2z0JLQuNC90L3QuNGG0LrQsNGPINC-0LHQu9Cw0YHRgtGM!5e0!3m2!1sru!2sua!4v1589815071236!5m2!1sru!2sua\" width=\"600\" height=\"450\" frameborder=\"0\" style=\"border:0;\" allowfullscreen=\"\" aria-hidden=\"false\" tabindex=\"0\"></iframe>', 'https://www.google.com/maps/search/готелі+вінницька+область/@49.3627009,28.4902868,9z/data=!3m1!4b1', '<iframe src=\"https://www.google.com/maps/embed?pb=!1m16!1m12!1m3!1d665294.6295125718!2d28.002010746754287!3d49.355798615380856!2m3!1f0!2f0!3f0!3m2!1i1024!2i768!4f13.1!2m1!1z0LPQvtGC0LXQu9GWINCy0ZbQvdC90LjRhtGM0LrQsCDQvtCx0LvQsNGB0YLRjA!5e0!3m2!1sru!2sua!4v1589815799935!5m2!1sru!2sua\" width=\"600\" height=\"450\" frameborder=\"0\" style=\"border:0;\" allowfullscreen=\"\" aria-hidden=\"false\" tabindex=\"0\"></iframe>'),
(10, 'region_volynska', 'volynska', 'Волинь', 'Волинню', 'Волині', '', '', '', '', '', '', ''),
(11, 'region_donetsk', 'donetsk', 'Донеччина', 'Донеччиною', 'Донеччини', '', '', '', '', '', '', ''),
(12, 'region_zhytomyr', 'zhytomyr', 'Житомир', 'Житомиром', 'Житомира', '', '', '', '', '', '', ''),
(13, 'region_zakarpatska', 'zakarpatska', 'Закарпаття', 'Закарпаттям', 'Закарпаття', '', '', '', '', '', '', ''),
(14, 'region_ivano-frankivska', 'ivano-frankivska', 'Івано-Франківщина', 'Івано-Франківщиною', 'Івано-Франківщини', '', '', '', '', '', '', ''),
(15, 'region_kirovogradska', 'kirovogradska', 'Кіровоградщина', 'Кіровоградщиною', 'Кіровоградщини', '', '', '', '', '', '', ''),
(16, 'region_luganska', 'luganska', 'Луганщина', 'Луганщиною', 'Луганщини', '', '', '', '', '', '', ''),
(17, 'region_lvivska', 'lvivska', 'Львівщина', 'Львівщиною', 'Львівщини', '', '', '', '', '', '', ''),
(18, 'region_poltavska', 'poltavska', 'Полтавщина', 'Полтавщиною', 'Полтавщини', '', '', '', '', '', '', ''),
(19, 'region_rivnenska', 'rivnenska', 'Рівненська область', 'Рівненською областю', 'Рівненської області', '', '', '', '', '', '', ''),
(20, 'region_sumska', 'sumska', 'Сумщина', 'Сумщиною', 'Сумщини', '', '', '', '', '', '', ''),
(21, 'region_ternopilska', 'ternopilska', 'Тернопільщина', 'Тернопільщиною', 'Тернопільщини', '', '', '', '', '', '', ''),
(22, 'region_khmelnytska', 'khmelnytska', 'Хмельниччина', 'Хмельниччиною', 'Хмельниччини', '', '', '', '', '', '', ''),
(23, 'region_сherkaska', 'сherkaska', 'Черкащина', 'Черкащиною', 'Черкащини', '', '', '', '', '', '', ''),
(24, 'region_chernivetska', 'chernivetska', 'Чернівеччина', 'Чернівеччиною', 'Чернівеччини', '', '', '', '', '', '', ''),
(25, 'region_chernigivska', 'chernigivska', 'Чернігівщина', 'Чернігівщиною', 'Чернігівщини', '', '', '', '', '', '', '');

-- --------------------------------------------------------

--
-- Структура таблиці `region_park`
--

CREATE TABLE `region_park` (
  `id_park` int(11) NOT NULL,
  `id_region` int(11) NOT NULL,
  `_name` varchar(50) COLLATE utf8mb4_unicode_ci NOT NULL,
  `imgName` varchar(50) COLLATE utf8mb4_unicode_ci NOT NULL,
  `Address` varchar(200) COLLATE utf8mb4_unicode_ci NOT NULL,
  `Paragraph1` text COLLATE utf8mb4_unicode_ci NOT NULL,
  `Paragraph2` text COLLATE utf8mb4_unicode_ci NOT NULL,
  `Paragraph3` text COLLATE utf8mb4_unicode_ci NOT NULL
) ENGINE=InnoDB DEFAULT CHARSET=utf8mb4 COLLATE=utf8mb4_unicode_ci;

--
-- Дамп даних таблиці `region_park`
--

INSERT INTO `region_park` (`id_park`, `id_region`, `_name`, `imgName`, `Address`, `Paragraph1`, `Paragraph2`, `Paragraph3`) VALUES
(1, 1, 'Одеський ботанічний сад', '799px-Odessa_Main_Botanical_garden_044', 'https://goo.gl/maps/odB24jwifndMHVVC7', 'Оде́ський ботані́чний са́д (Ботанічний сад Одеського національного університету імені Іллі Мечникова) розмістився на Французькому бульварі. Це сад Одеського державного університету імені Іллі Мечникова.', '200 років тому в Одесі не було жодного дерева. Велику увагу озелененню міста приділяли градоначальники Дюк де Рішельє, граф Ланжерон, Лівшин, князь Воронцов та інші.', 'У 2017 році на державному рівні в Україні відзначався ювілей – 150 років з часу заснування Ботанічного саду Одеського національного університету імені І.І. Мечникова 1867).[1]'),
(2, 1, 'Дендропарк Перемоги', '800px-Peremogi8', 'https://goo.gl/maps/cQhHDiKszDMUPzhFA', 'Дендропарк Перемоги був закладений у 1960 році під час ленінського суботника, приуроченого до 90-річчя від дня народження Леніна (спочатку носив його ім\'я). Займає 55 га.', 'У парку висаджено понад 500 видів дерев і чагарників, включаючи теплолюбиві екземпляри. Зростають кедр ліванський, тис ягідний, гінкго дволопатеве, метасеквоя, скумпія звичайна.\r\n\r\nНа алеї Дружби дерева посаджені космонавтами Валерієм Биковським, Георгієм Шоніним, членами делегацій міст-героїв.', 'Існує система штучних ставків з фонтанами загальною довжиною 700 м. Тут знімались деякі сцени фільму «Пригоди Електроніка». Парк Перемоги вважається одним з найкращих в Одесі, особливо після нещодавньої реконструкції.');

-- --------------------------------------------------------

--
-- Структура таблиці `region_resort`
--

CREATE TABLE `region_resort` (
  `id_resort` int(11) NOT NULL,
  `id_region` int(11) NOT NULL,
  `_name` varchar(50) COLLATE utf8mb4_unicode_ci NOT NULL,
  `imgName` varchar(50) COLLATE utf8mb4_unicode_ci NOT NULL,
  `Address` varchar(200) COLLATE utf8mb4_unicode_ci NOT NULL,
  `Paragraph1` text COLLATE utf8mb4_unicode_ci NOT NULL,
  `Paragraph2` text COLLATE utf8mb4_unicode_ci NOT NULL,
  `Paragraph3` text COLLATE utf8mb4_unicode_ci NOT NULL
) ENGINE=InnoDB DEFAULT CHARSET=utf8mb4 COLLATE=utf8mb4_unicode_ci;

--
-- Дамп даних таблиці `region_resort`
--

INSERT INTO `region_resort` (`id_resort`, `id_region`, `_name`, `imgName`, `Address`, `Paragraph1`, `Paragraph2`, `Paragraph3`) VALUES
(1, 1, 'Чорноморськ', 'Chornomorsk-aerial-1', 'https://goo.gl/maps/QUnXNjdPcpcUWcZX9', 'Місто Чорноморськ розташоване на правому березі Сухого лиману та на узбережжі Чорного моря. Відстань до облцентру становить 29 км.', 'У місті швидко розвивається пляжний туризм. У місті велика увага приділяється дозвіллю та відпочинку. Пляжі, які простягнулися на 12 кілометрів уздовж моря, підтримуються в чистоті й порядку. Місто спроектоване компактно і зручно. Транспортні розв\'язки з\'єднують між собою торгові центри, місця відпочинку та житлові райони. Це сприяє притоку туристів у літній сезон, який триває з травня по жовтень. У цей період населення Чорноморська практично потроюється.', 'Молоде місто за 30 км від Одеси, яке народилося в 50-х роках 20 століття завдяки судноремонтному заводу і порту (статусу міста набув у 1973 році). Нині Чорноморськ, у дівоцтві Іллічівськ, відомий не тільки гігантським морським портом, але і міським пляжем – єдиним в Україні, що має «Блакитний прапор» – символ міжнародного сертифікату екологічної якості пляжів.'),
(2, 1, 'Фонтанка', '2680584_800x600_fontanka-kominternovskoe', 'https://goo.gl/maps/VJ5Xt4C8C8KfPMGdA', 'Фонтанка — село в Лиманському районі Одеської області. Населення становить 6570 осіб (1 січня 2010), площа — 4,2 км². Село засноване в 1892 році.', 'Розташована на березі Чорного моря, за 30 км від обласного центру, за 45 км від районного центру, за 20 км від залізничної станції Кремидівка на лінії Одеса — Помічна. Знаходиться по сусідству з селами Крижанівка , Вапнярка і селищем Ліски . Через село проходить Старомиколаївська дорога (автодорога Одеса — Південний). Відстань до межі м   Одеси — 4 км.', 'Фонтанка знаходиться на березі Чорного моря і має великий рекреаційний потенціал. Завдяки поєднанню моря і степу повітря в зоні відпочинку благотворно впливає на органи дихання, серцево-судинну і нервову системи. Природні умови та клімат Чорного моря сприяють успішній кліматотерапії. Лікувальні ресурси в зоні відпочинку Фонтанки на Чорному морі — морське повітря і морські купання.');

-- --------------------------------------------------------

--
-- Структура таблиці `seven_wonders`
--

CREATE TABLE `seven_wonders` (
  `id` int(11) NOT NULL,
  `place_name` varchar(200) COLLATE utf8mb4_unicode_ci NOT NULL,
  `img` varchar(500) COLLATE utf8mb4_unicode_ci NOT NULL,
  `location` varchar(500) COLLATE utf8mb4_unicode_ci NOT NULL,
  `information` text COLLATE utf8mb4_unicode_ci NOT NULL
) ENGINE=InnoDB DEFAULT CHARSET=utf8mb4 COLLATE=utf8mb4_unicode_ci;

--
-- Дамп даних таблиці `seven_wonders`
--

INSERT INTO `seven_wonders` (`id`, `place_name`, `img`, `location`, `information`) VALUES
(1, 'Софіївський собор', 'Sophia_Kyiv.jpg', 'Місто Київ', 'Софія Київська - один з багатьох пам\'яток архітектури, який зберігся від часів Київської Русі.\r\n  Храм пережив зруйнування, спалювання, грабунки й безліч інших випробувань. Та все ж з гордістю встояв.\r\nЦе місце зберігає 260м<sup>2</sup> мозаїки та 3000м<sup>2</sup> фресок.'),
(2, 'Заповідник \"Кам\'янець\"', 'Kamianets-Podilskyi.jpg', 'Місто Кам\'янець-Подільський', 'Давнє місто, що підноситься стінами та вежами над скелястими берегами річки Смотрич. У недалекому минулому містечко було політичним, економічним і культурним центром на південному заході України. Неабиякий інтерес викликає і унікальний Замковий міст, що сполучає Старе місто із Замковим комплексом. До складу Кам’янецької фортеці входять одинадцять башт, кожна з яких має свою назву й історію.'),
(3, 'Дендропарк \"Софіївка\"', 'Sofiivka.jpeg', 'Місто Умань', 'Парк \"Софіївка\" був заснований графом Станіславом Потоцьким на честь своєї дружини Софії.\r\nМальовничий куточок, що вражає своєю неповторною красою. дивовижний витвір\r\nлюдської фантазії й майстерності, в якому переплітаються разом і світ загадкових легенд та міфів, і мистецтво, і краса природи.'),
(4, 'Києво-Печерська Лавра', 'Kyiv_Pecherska.jpg', 'Місто Київ', 'Монастир, який розкинувся на високих київських кручах над річкою Дніпро. Це один з перших на нашій землі осередок християнства, культури і науки.\r\nКраса не лише на поверхні, а й під землею, де розміщено унікальні комплекси, дальні та ближні печери.'),
(5, 'Хотинська Фортеця', 'Khotynska_fortetsya.jpg', 'Місто Хотин', 'Хотин – одне з найдавніших і найвідоміших міст України з великою історією.\r\nХотин був заснований на початку ХІ ст. київським князем Володимиром Великим, як одна із важливих складових прикордонної системи Русі. Фортеця у той період була дерев’яно-земляною і використовувалася давніми слов’янами для захисту своїх поселень. Хотин завжди привертав увагу завойовників. З метою захисту від них була споруджена фортеця, яка пережила століття і бачила під своїми мурами полчища воїнів Османської імперії, повстанців Мухи, народних месників Дитинки, вояків Дмитра Вишневецького (Байди), Петра Дорошенка.'),
(6, 'Хортиця', 'Khortytsya.png', 'Запорізька область', 'Острів Хортиця – найбільший острів на Дніпрі. Дивовижний краєвид та славна минувшина привертають увагу до острова мандрівників із різних куточків України\r\nта світу. Хортицю прославляли козаки, поети і художники, вивчали історики та краєзнавці.\r\nВікова історія Хортиці має героїчні та трагічні сторінки, овіяні\r\nлегендами далекого минулого, щедро оспівані народом.'),
(7, 'Херсонес', 'Khersones.jpg', 'Місто Севастополь', '<h4>(тимчасово окупована територія внаслідок збройної агресії Російської Федерації проти України, яка розпочалася 20 лютого 2014 року і триває донині)</h4>\r\n\r\n<p>Херсонес Таврійський – унікальна історико-археологічна пам’ятка\r\n        Вже два тисячоліття він визнаний осередком античної та візантійської культур на межі з безкраїм варварським світом. Місто було огороджене могутніми оборонними стінами і розплановане за схемою, поширеною тоді у грецькому та римському світах. До наших днів збереглося багато давніх споруд.</p>');

-- --------------------------------------------------------

--
-- Структура таблиці `users`
--

CREATE TABLE `users` (
  `user_id` int(11) UNSIGNED NOT NULL,
  `user_login` varchar(30) NOT NULL,
  `user_password` varchar(32) NOT NULL,
  `user_hash` varchar(32) NOT NULL DEFAULT '',
  `user_ip` int(10) UNSIGNED NOT NULL DEFAULT 0
) ENGINE=MyISAM DEFAULT CHARSET=cp1251;

--
-- Дамп даних таблиці `users`
--

INSERT INTO `users` (`user_id`, `user_login`, `user_password`, `user_hash`, `user_ip`) VALUES
(5, 'admin', 'c3284d0f94606de1fd2af172aba15bf3', '0092946be72665c07f2abec357d54ac1', 0);

--
-- Індекси збережених таблиць
--

--
-- Індекси таблиці `main_should_visit`
--
ALTER TABLE `main_should_visit`
  ADD PRIMARY KEY (`id`),
  ADD KEY `id_region` (`id_region`);

--
-- Індекси таблиці `not_famous_places`
--
ALTER TABLE `not_famous_places`
  ADD PRIMARY KEY (`id`);

--
-- Індекси таблиці `region_castle`
--
ALTER TABLE `region_castle`
  ADD PRIMARY KEY (`id_castle`,`id_region`),
  ADD KEY `id_region` (`id_region`);

--
-- Індекси таблиці `region_church`
--
ALTER TABLE `region_church`
  ADD PRIMARY KEY (`id_church`,`id_region`),
  ADD KEY `id_region` (`id_region`);

--
-- Індекси таблиці `region_hotel`
--
ALTER TABLE `region_hotel`
  ADD PRIMARY KEY (`id_hotel`,`id_region`),
  ADD KEY `id_region` (`id_region`);

--
-- Індекси таблиці `region_museum`
--
ALTER TABLE `region_museum`
  ADD PRIMARY KEY (`id_museum`,`id_region`),
  ADD KEY `id_region` (`id_region`);

--
-- Індекси таблиці `region_names`
--
ALTER TABLE `region_names`
  ADD PRIMARY KEY (`Id`),
  ADD UNIQUE KEY `region_name` (`region_name`),
  ADD UNIQUE KEY `Key_name` (`Key_name`);

--
-- Індекси таблиці `region_park`
--
ALTER TABLE `region_park`
  ADD PRIMARY KEY (`id_park`,`id_region`),
  ADD KEY `id_region` (`id_region`);

--
-- Індекси таблиці `region_resort`
--
ALTER TABLE `region_resort`
  ADD PRIMARY KEY (`id_resort`,`id_region`),
  ADD KEY `id_region` (`id_region`);

--
-- Індекси таблиці `seven_wonders`
--
ALTER TABLE `seven_wonders`
  ADD PRIMARY KEY (`id`);

--
-- Індекси таблиці `users`
--
ALTER TABLE `users`
  ADD PRIMARY KEY (`user_id`);

--
-- AUTO_INCREMENT для збережених таблиць
--

--
-- AUTO_INCREMENT для таблиці `main_should_visit`
--
ALTER TABLE `main_should_visit`
  MODIFY `id` int(11) NOT NULL AUTO_INCREMENT, AUTO_INCREMENT=51;

--
-- AUTO_INCREMENT для таблиці `not_famous_places`
--
ALTER TABLE `not_famous_places`
  MODIFY `id` int(11) NOT NULL AUTO_INCREMENT, AUTO_INCREMENT=11;

--
-- AUTO_INCREMENT для таблиці `region_castle`
--
ALTER TABLE `region_castle`
  MODIFY `id_castle` int(11) NOT NULL AUTO_INCREMENT, AUTO_INCREMENT=20;

--
-- AUTO_INCREMENT для таблиці `region_church`
--
ALTER TABLE `region_church`
  MODIFY `id_church` int(11) NOT NULL AUTO_INCREMENT, AUTO_INCREMENT=6;

--
-- AUTO_INCREMENT для таблиці `region_hotel`
--
ALTER TABLE `region_hotel`
  MODIFY `id_hotel` int(11) NOT NULL AUTO_INCREMENT;

--
-- AUTO_INCREMENT для таблиці `region_museum`
--
ALTER TABLE `region_museum`
  MODIFY `id_museum` int(11) NOT NULL AUTO_INCREMENT, AUTO_INCREMENT=3;

--
-- AUTO_INCREMENT для таблиці `region_names`
--
ALTER TABLE `region_names`
  MODIFY `Id` int(11) NOT NULL AUTO_INCREMENT COMMENT 'ID області', AUTO_INCREMENT=26;

--
-- AUTO_INCREMENT для таблиці `region_park`
--
ALTER TABLE `region_park`
  MODIFY `id_park` int(11) NOT NULL AUTO_INCREMENT, AUTO_INCREMENT=4;

--
-- AUTO_INCREMENT для таблиці `region_resort`
--
ALTER TABLE `region_resort`
  MODIFY `id_resort` int(11) NOT NULL AUTO_INCREMENT, AUTO_INCREMENT=3;

--
-- AUTO_INCREMENT для таблиці `seven_wonders`
--
ALTER TABLE `seven_wonders`
  MODIFY `id` int(11) NOT NULL AUTO_INCREMENT, AUTO_INCREMENT=10;

--
-- AUTO_INCREMENT для таблиці `users`
--
ALTER TABLE `users`
  MODIFY `user_id` int(11) UNSIGNED NOT NULL AUTO_INCREMENT, AUTO_INCREMENT=7;

--
-- Обмеження зовнішнього ключа збережених таблиць
--

--
-- Обмеження зовнішнього ключа таблиці `main_should_visit`
--
ALTER TABLE `main_should_visit`
  ADD CONSTRAINT `main_should_visit_ibfk_1` FOREIGN KEY (`id_region`) REFERENCES `region_names` (`Id`);

--
-- Обмеження зовнішнього ключа таблиці `region_castle`
--
ALTER TABLE `region_castle`
  ADD CONSTRAINT `region_castle_ibfk_1` FOREIGN KEY (`id_region`) REFERENCES `region_names` (`Id`);

--
-- Обмеження зовнішнього ключа таблиці `region_church`
--
ALTER TABLE `region_church`
  ADD CONSTRAINT `region_church_ibfk_1` FOREIGN KEY (`id_region`) REFERENCES `region_names` (`Id`),
  ADD CONSTRAINT `region_church_ibfk_2` FOREIGN KEY (`id_region`) REFERENCES `region_names` (`Id`);

--
-- Обмеження зовнішнього ключа таблиці `region_hotel`
--
ALTER TABLE `region_hotel`
  ADD CONSTRAINT `region_hotel_ibfk_1` FOREIGN KEY (`id_region`) REFERENCES `region_names` (`Id`);

--
-- Обмеження зовнішнього ключа таблиці `region_museum`
--
ALTER TABLE `region_museum`
  ADD CONSTRAINT `region_museum_ibfk_1` FOREIGN KEY (`id_region`) REFERENCES `region_names` (`Id`);

--
-- Обмеження зовнішнього ключа таблиці `region_park`
--
ALTER TABLE `region_park`
  ADD CONSTRAINT `region_park_ibfk_1` FOREIGN KEY (`id_region`) REFERENCES `region_names` (`Id`);

--
-- Обмеження зовнішнього ключа таблиці `region_resort`
--
ALTER TABLE `region_resort`
  ADD CONSTRAINT `region_resort_ibfk_1` FOREIGN KEY (`id_region`) REFERENCES `region_names` (`Id`);
COMMIT;

/*!40101 SET CHARACTER_SET_CLIENT=@OLD_CHARACTER_SET_CLIENT */;
/*!40101 SET CHARACTER_SET_RESULTS=@OLD_CHARACTER_SET_RESULTS */;
/*!40101 SET COLLATION_CONNECTION=@OLD_COLLATION_CONNECTION */;
